Ligand,Pose,Binding Affinity,RMSD,Molecular_Weight (g/mol),HBAC,HBDC,Lipinski_Violations,XlogP,TPSA  (Ų)
Triclosan,1,-8,0,289.5,2,1,1,5,29.46
Triclosan,2,-7.8,14.598,289.5,2,1,1,5,29.46
Triclosan,3,-7.7,14.048,289.5,2,1,1,5,29.46
Triclosan,4,-7.6,5.993,289.5,2,1,1,5,29.46
Triclosan,5,-7.4,5.89,289.5,2,1,1,5,29.46
Triclosan,6,-7.4,5.927,289.5,2,1,1,5,29.46
Triclosan,7,-7.4,15.115,289.5,2,1,1,5,29.46
Triclosan,8,-7.3,12.474,289.5,2,1,1,5,29.46
Triclosan,9,-7.3,6.082,289.5,2,1,1,5,29.46
Coumarin,1,-7.8,0,146.14,2,0,0,0.22,30.21
Coumarin,2,-7.3,2.342,146.14,2,0,0,0.22,30.21
Coumarin,3,-7.3,2.628,146.14,2,0,0,0.22,30.21
Coumarin,4,-7,4.412,146.14,2,0,0,0.22,30.21
Coumarin,5,-6.9,3.447,146.14,2,0,0,0.22,30.21
Coumarin,6,-6.9,18.569,146.14,2,0,0,0.22,30.21
Coumarin,7,-6.8,2.854,146.14,2,0,0,0.22,30.21
Coumarin,8,-6.7,14.898,146.14,2,0,0,0.22,30.21
Coumarin,9,-6.6,2.923,146.14,2,0,0,0.22,30.21
Chalcone,1,-8.7,0,208.26,1,0,0,3.8,17.07
Chalcone,2,-8.7,1.711,208.26,1,0,0,3.8,17.07
Chalcone,3,-8.3,6.74,208.26,1,0,0,3.8,17.07
Chalcone,4,-8.2,7.18,208.26,1,0,0,3.8,17.07
Chalcone,5,-8.2,17.226,208.26,1,0,0,3.8,17.07
Chalcone,6,-8.2,15.817,208.26,1,0,0,3.8,17.07
Chalcone,7,-8.1,16.471,208.26,1,0,0,3.8,17.07
Chalcone,8,-8,6.662,208.26,1,0,0,3.8,17.07
Chalcone,9,-7.9,18.151,208.26,1,0,0,3.8,17.07
Ferulic Acid,1,-7.3,0,194.18,4,2,0,1.51,66.76
Ferulic Acid,2,-6.9,4.436,194.18,4,2,0,1.51,66.76
Ferulic Acid,3,-6.6,2.584,194.18,4,2,0,1.51,66.76
Ferulic Acid,4,-6.6,17.514,194.18,4,2,0,1.51,66.76
Ferulic Acid,5,-6.6,1.553,194.18,4,2,0,1.51,66.76
Ferulic Acid,6,-6.4,17.577,194.18,4,2,0,1.51,66.76
Ferulic Acid,7,-6.3,5.462,194.18,4,2,0,1.51,66.76
Ferulic Acid,8,-6.3,15.813,194.18,4,2,0,1.51,66.76
Ferulic Acid,9,-6.2,4.887,194.18,4,2,0,1.51,66.76
Caffeic Acid,1,-7.3,0,180.16,4,3,0,1.15,77.76
Caffeic Acid,2,-7.2,1.969,180.16,4,3,0,1.15,77.76
Caffeic Acid,3,-7,3.964,180.16,4,3,0,1.15,77.76
Caffeic Acid,4,-6.8,18.675,180.16,4,3,0,1.15,77.76
Caffeic Acid,5,-6.6,5.495,180.16,4,3,0,1.15,77.76
Caffeic Acid,6,-6.6,18.932,180.16,4,3,0,1.15,77.76
Caffeic Acid,7,-6.5,6.085,180.16,4,3,0,1.15,77.76
Caffeic Acid,8,-6.4,5.844,180.16,4,3,0,1.15,77.76
Caffeic Acid,9,-6.3,16.011,180.16,4,3,0,1.15,77.76
Gallic Acid,1,-6.3,0,170.12,5,4,0,0.7,97.99
Gallic Acid,2,-6.3,2.402,170.12,5,4,0,0.7,97.99
Gallic Acid,3,-6.2,4.535,170.12,5,4,0,0.7,97.99
Gallic Acid,4,-6.1,3.391,170.12,5,4,0,0.7,97.99
Gallic Acid,5,-6.1,4.333,170.12,5,4,0,0.7,97.99
Gallic Acid,6,-6.1,4.827,170.12,5,4,0,0.7,97.99
Gallic Acid,7,-6,3.902,170.12,5,4,0,0.7,97.99
Gallic Acid,8,-5.6,10.204,170.12,5,4,0,0.7,97.99
Gallic Acid,9,-5.6,17.933,170.12,5,4,0,0.7,97.99
Salicylic Acid,1,-6.4,0,138.12,3,2,0,2.26,57.53
Salicylic Acid,2,-6.3,4.056,138.12,3,2,0,2.26,57.53
Salicylic Acid,3,-6.3,2.604,138.12,3,2,0,2.26,57.53
Salicylic Acid,4,-6.3,3.127,138.12,3,2,0,2.26,57.53
Salicylic Acid,5,-6.1,4.363,138.12,3,2,0,2.26,57.53
Salicylic Acid,6,-5.8,20.291,138.12,3,2,0,2.26,57.53
Salicylic Acid,7,-5.8,4.688,138.12,3,2,0,2.26,57.53
Salicylic Acid,8,-5.6,16.303,138.12,3,2,0,2.26,57.53
Salicylic Acid,9,-5.5,9.384,138.12,3,2,0,2.26,57.53
Vanillin,1,-6.2,0,152.15,3,1,0,1.21,46.53
Vanillin,2,-6.1,2.607,152.15,3,1,0,1.21,46.53
Vanillin,3,-5.9,2.922,152.15,3,1,0,1.21,46.53
Vanillin,4,-5.7,3.398,152.15,3,1,0,1.21,46.53
Vanillin,5,-5.6,2.578,152.15,3,1,0,1.21,46.53
Vanillin,6,-5.4,3.893,152.15,3,1,0,1.21,46.53
Vanillin,7,-5.4,3.907,152.15,3,1,0,1.21,46.53
Vanillin,8,-5.3,4.749,152.15,3,1,0,1.21,46.53
Vanillin,9,-5.2,18.411,152.15,3,1,0,1.21,46.53
Catechol,1,-5.7,0,110.11,2,2,0,0.88,40.46
Catechol,2,-5.7,2.202,110.11,2,2,0,0.88,40.46
Catechol,3,-5.6,1.999,110.11,2,2,0,0.88,40.46
Catechol,4,-5.6,2.384,110.11,2,2,0,0.88,40.46
Catechol,5,-5.3,2.399,110.11,2,2,0,0.88,40.46
Catechol,6,-5,17.319,110.11,2,2,0,0.88,40.46
Catechol,7,-5,17.301,110.11,2,2,0,0.88,40.46
Catechol,8,-5,4.006,110.11,2,2,0,0.88,40.46
Catechol,9,-5,3.493,110.11,2,2,0,0.88,40.46
Nicotinamide,1,-5.5,0,122.12,2,1,0,-0.37,55.98
Nicotinamide,2,-5.5,3.864,122.12,2,1,0,-0.37,55.98
Nicotinamide,3,-5.4,4.491,122.12,2,1,0,-0.37,55.98
Nicotinamide,4,-5.3,2.711,122.12,2,1,0,-0.37,55.98
Nicotinamide,5,-5.2,3.374,122.12,2,1,0,-0.37,55.98
Nicotinamide,6,-5.1,10.749,122.12,2,1,0,-0.37,55.98
Nicotinamide,7,-4.9,19.217,122.12,2,1,0,-0.37,55.98
Nicotinamide,8,-4.9,15.494,122.12,2,1,0,-0.37,55.98
Nicotinamide,9,-4.8,10.022,122.12,2,1,0,-0.37,55.98
Benzamide,1,-6.5,0,121.14,1,1,0,0.64,43.09
Benzamide,2,-6.3,2.149,121.14,1,1,0,0.64,43.09
Benzamide,3,-6.2,2.634,121.14,1,1,0,0.64,43.09
Benzamide,4,-6.1,4.096,121.14,1,1,0,0.64,43.09
Benzamide,5,-6.1,3.302,121.14,1,1,0,0.64,43.09
Benzamide,6,-5.7,19.672,121.14,1,1,0,0.64,43.09
Benzamide,7,-5.4,15.838,121.14,1,1,0,0.64,43.09
Benzamide,8,-5.4,2.946,121.14,1,1,0,0.64,43.09
Benzamide,9,-5.3,14.972,121.14,1,1,0,0.64,43.09
Isoniazid,1,-6,0,137.14,3,2,0,-0.7,68.01
Isoniazid,2,-5.8,3.442,137.14,3,2,0,-0.7,68.01
Isoniazid,3,-5.7,11.15,137.14,3,2,0,-0.7,68.01
Isoniazid,4,-5.6,2.811,137.14,3,2,0,-0.7,68.01
Isoniazid,5,-5.4,4.729,137.14,3,2,0,-0.7,68.01
Isoniazid,6,-5.3,4.308,137.14,3,2,0,-0.7,68.01
Isoniazid,7,-5.3,7.837,137.14,3,2,0,-0.7,68.01
Isoniazid,8,-5.3,3.869,137.14,3,2,0,-0.7,68.01
Isoniazid,9,-5.2,9.595,137.14,3,2,0,-0.7,68.01
Pyrazinamide,1,-5.1,0,123.11,3,1,0,-0.6,68.87
Pyrazinamide,2,-4.8,3.719,123.11,3,1,0,-0.6,68.87
Pyrazinamide,3,-4.4,6.977,123.11,3,1,0,-0.6,68.87
Pyrazinamide,4,-4.3,3.492,123.11,3,1,0,-0.6,68.87
Pyrazinamide,5,-4.3,2.093,123.11,3,1,0,-0.6,68.87
Pyrazinamide,6,-4.3,6.215,123.11,3,1,0,-0.6,68.87
Pyrazinamide,7,-4.3,9.721,123.11,3,1,0,-0.6,68.87
Pyrazinamide,8,-4.3,6.642,123.11,3,1,0,-0.6,68.87
Pyrazinamide,9,-4.2,6.673,123.11,3,1,0,-0.6,68.87
Ethionamide,1,-6.2,0,166.24,3,1,0,1.07,71
Ethionamide,2,-6.1,3.226,166.24,1,1,0,1.07,71
Ethionamide,3,-6,4.515,166.24,1,1,0,1.07,71
Ethionamide,4,-6,2.435,166.24,1,1,0,1.07,71
Ethionamide,5,-5.8,2.052,166.24,1,1,0,1.07,71
Ethionamide,6,-5.5,15.434,166.24,1,1,0,1.07,71
Ethionamide,7,-5.5,16.739,166.24,1,1,0,1.07,71
Ethionamide,8,-5.5,3.947,166.24,1,1,0,1.07,71
Ethionamide,9,-5.4,3.836,166.24,1,1,0,1.07,71
Eugenol,1,-6.8,0,164.2,2,1,0,2.27,29.46
Eugenol,2,-6.8,3.626,164.2,2,1,0,2.27,29.46
Eugenol,3,-6.3,3.695,164.2,2,1,0,2.27,29.46
Eugenol,4,-6.2,2.764,164.2,2,1,0,2.27,29.46
Eugenol,5,-6.2,4.269,164.2,2,1,0,2.27,29.46
Eugenol,6,-6.1,16.982,164.2,2,1,0,2.27,29.46
Eugenol,7,-6,18.404,164.2,2,1,0,2.27,29.46
Eugenol,8,-5.9,14.593,164.2,2,1,0,2.27,29.46
Eugenol,9,-5.8,15.043,164.2,2,1,0,2.27,29.46
Amithiozone,1,-7.3,0,236.29,2,3,0,1.04,111.6
Amithiozone,2,-7.2,14.69,236.29,2,3,0,1.04,111.6
Amithiozone,3,-7,2.118,236.29,2,3,0,1.04,111.6
Amithiozone,4,-6.9,14.461,236.29,2,3,0,1.04,111.6
Amithiozone,5,-6.7,13.935,236.29,2,3,0,1.04,111.6
Amithiozone,6,-6.2,10.05,236.29,2,3,0,1.04,111.6
Amithiozone,7,-6,9.478,236.29,2,3,0,1.04,111.6
Amithiozone,8,-6,5.017,236.29,2,3,0,1.04,111.6
Amithiozone,9,-5.9,6.614,236.29,2,3,0,1.04,111.6
Curcumin,1,-8.9,0,368.38,6,2,0,3.2,93.06
Curcumin,2,-8.9,10.655,368.38,6,2,0,3.2,93.06
Curcumin,3,-8.9,12.942,368.38,6,2,0,3.2,93.06
Curcumin,4,-8.7,10.224,368.38,6,2,0,3.2,93.06
Curcumin,5,-8.6,12.722,368.38,6,2,0,3.2,93.06
Curcumin,6,-8.5,12.126,368.38,6,2,0,3.2,93.06
Curcumin,7,-8.5,7.601,368.38,6,2,0,3.2,93.06
Curcumin,8,-8.4,11.948,368.38,6,2,0,3.2,93.06
Curcumin,9,-8.3,9.882,368.38,6,2,0,3.2,93.06
Quercetin,1,-9,0,302.24,7,5,0,1.59,131.36
Quercetin,2,-8.7,6.577,302.24,7,5,0,1.59,131.36
Quercetin,3,-8.7,10.756,302.24,7,5,0,1.59,131.36
Quercetin,4,-8.3,11.29,302.24,7,5,0,1.59,131.36
Quercetin,5,-8.3,11.374,302.24,7,5,0,1.59,131.36
Quercetin,6,-8.3,2.084,302.24,7,5,0,1.59,131.36
Quercetin,7,-8.3,1.593,302.24,7,5,0,1.59,131.36
Quercetin,8,-8.2,7.06,302.24,7,5,0,1.59,131.36
Quercetin,9,-8,10.708,302.24,7,5,0,1.59,131.36
Piperine,1,-9.5,0,285.34,3,0,0,3.46,38.77
Piperine,2,-9,1.292,285.34,3,0,0,3.46,38.77
Piperine,3,-8.9,13.822,285.34,3,0,0,3.46,38.77
Piperine,4,-8.5,15.28,285.34,3,0,0,3.46,38.77
Piperine,5,-8.5,9.146,285.34,3,0,0,3.46,38.77
Piperine,6,-8.4,2.116,285.34,3,0,0,3.46,38.77
Piperine,7,-8.2,1.834,285.34,3,0,0,3.46,38.77
Piperine,8,-8.1,9.843,285.34,3,0,0,3.46,38.77
Piperine,9,-7.5,9.564,285.34,3,0,0,3.46,38.77
Resveratrol,1,-8.5,0,228.24,3,3,0,3.13,60.69
Resveratrol,2,-8.5,2.014,228.24,3,3,0,3.13,60.69
Resveratrol,3,-8.2,3.069,228.24,3,3,0,3.13,60.69
Resveratrol,4,-8.1,2.552,228.24,3,3,0,3.13,60.69
Resveratrol,5,-8,7.413,228.24,3,3,0,3.13,60.69
Resveratrol,6,-8,7.235,228.24,3,3,0,3.13,60.69
Resveratrol,7,-7.9,15.33,228.24,3,3,0,3.13,60.69
Resveratrol,8,-7.7,15.532,228.24,3,3,0,3.13,60.69
Resveratrol,9,-7.7,15.452,228.24,3,3,0,3.13,60.69
